{"registeredOperationsHierarchy":"Scripts, Operations","registerasformula":false,"packageslist":[{"packagename":"","packageversion":""}],"packagesfolder":[{}],"functionname":"SUMMARIZE","description":"SUMMARIZE","name":"Content Summary","scriptfile":"1e8edd97099149519bc0e69d79149a8f.py","scriptfile_filechooserfieldData":{"fileObject":{},"name":"TextSummarization_gensim.py"},"clienttimezone":"Asia/Calcutta","fileuploadstatus":"SUCCESS","id":"1e8edd97099149519bc0e69d79149a8f","actualscriptfilename":"TextSummarization","kleraScalarDataType":"STRING","kleraScalarIsMultivalue":false,"helpfile":null,"arguments":[{"argument":"text","argumentName":"text","datatype":["STRING"],"argType":"Data","ismultivalued":false,"isacceptsmultiplecolumns":false}],"applicableonrow":true,"scriptOutputHandler":"{\"dstNameDSTDetailsMap\":{},\"dstNameMetaInfoMap\":{},\"dstNameOutputDetails\":{},\"mScriptParams\":{\"registeredOperationsHierarchy\":\"Scripts, Operations\",\"registerasformula\":false,\"packageslist\":[{\"packagename\":\"\",\"packageversion\":\"\"}],\"packagesfolder\":[{}],\"functionname\":\"SUMMARIZE\",\"description\":\"SUMMARIZE\",\"name\":\"Content Summary\",\"scriptfile\":\"1e8edd97099149519bc0e69d79149a8f.py\",\"scriptfile_filechooserfieldData\":{\"fileObject\":{},\"name\":\"TextSummarization_gensim.py\"},\"userAction\":\"SUBMIT\",\"clienttimezone\":\"Asia/Calcutta\",\"fileuploadstatus\":\"SUCCESS\",\"id\":\"1e8edd97099149519bc0e69d79149a8f\",\"actualscriptfilename\":\"TextSummarization\",\"kleraScalarDataType\":\"STRING\",\"kleraScalarIsMultivalue\":false,\"helpfile\":null,\"arguments\":[{\"argument\":\"text\",\"argumentName\":\"text\",\"datatype\":[\"STRING\"],\"argType\":\"Data\",\"ismultivalued\":false,\"isacceptsmultiplecolumns\":false}],\"applicableonrow\":true}}","registeredOperationsHierarchyGroup":["Scripts","Operations"],"createdby":"admin","createdtime":1572520402906,"registeredAs":["kleraOperation","kleraFormula"],"importedBy":"admin","importedOn":1632306084083}