{"registeredOperationsHierarchy":"Scripts, Operations","registerasformula":false,"packageslist":[{"packagename":"","packageversion":""}],"packagesfolder":[{}],"name":"HTML to text","functionname":"HTMLTOTEXT","scriptfile":"ead5713a67ee4fe2989a0539ded53eac.py","scriptfile_filechooserfieldData":{"fileObject":{},"name":"HTML_to_Text_Final.py"},"clienttimezone":"Asia/Calcutta","fileuploadstatus":"SUCCESS","id":"ead5713a67ee4fe2989a0539ded53eac","actualscriptfilename":"HTML","kleraScalarDataType":"STRING","kleraScalarIsMultivalue":false,"helpfile":null,"arguments":[{"argument":"html_text","argumentName":"html_text","datatype":["STRING"],"argType":"Data","ismultivalued":false,"isacceptsmultiplecolumns":false}],"applicableonrow":true,"scriptOutputHandler":"{\"dstNameDSTDetailsMap\":{},\"dstNameMetaInfoMap\":{},\"dstNameOutputDetails\":{},\"mScriptParams\":{\"registeredOperationsHierarchy\":\"Scripts, Operations\",\"registerasformula\":false,\"packageslist\":[{\"packagename\":\"\",\"packageversion\":\"\"}],\"packagesfolder\":[{}],\"name\":\"HTML to text\",\"functionname\":\"HTMLTOTEXT\",\"scriptfile\":\"ead5713a67ee4fe2989a0539ded53eac.py\",\"scriptfile_filechooserfieldData\":{\"fileObject\":{},\"name\":\"HTML_to_Text_Final.py\"},\"userAction\":\"SUBMIT\",\"clienttimezone\":\"Asia/Calcutta\",\"fileuploadstatus\":\"SUCCESS\",\"id\":\"ead5713a67ee4fe2989a0539ded53eac\",\"actualscriptfilename\":\"HTML\",\"kleraScalarDataType\":\"STRING\",\"kleraScalarIsMultivalue\":false,\"helpfile\":null,\"arguments\":[{\"argument\":\"html_text\",\"argumentName\":\"html_text\",\"datatype\":[\"STRING\"],\"argType\":\"Data\",\"ismultivalued\":false,\"isacceptsmultiplecolumns\":false}],\"applicableonrow\":true}}","registeredOperationsHierarchyGroup":["Scripts","Operations"],"createdby":"admin","createdtime":1569567586502,"registeredAs":["kleraOperation","kleraFormula"],"importedBy":"admin","importedOn":1632303847979}